{
    "@context": "http://schema.org",
    "@type": "Review",
    "reviews": [
        {
            "id": "review-1",
            "author": "Joan",
            "itemReviewed": "recipe-1",
            "reviewRating": {
                "@type": "Rating",
                "ratingValue": 5
            },
            "reviewBody": "Deliciós! M'ha encantat aquest plat."
        },
        {
            "id": "review-2",
            "author": "Maria",
            "itemReviewed": "recipe-1",
            "reviewRating": {
                "@type": "Rating",
                "ratingValue": 4
            },
            "reviewBody": "Molt bo, però una mica salat."
        },
        {
            "id": "review-3",
            "author": "Pere",
            "itemReviewed": "recipe-2",
            "reviewRating": {
                "@type": "Rating",
                "ratingValue": 3
            },
            "reviewBody": "No està malament, però no és el meu preferit."
        },
        {
            "id": "review-4",
            "author": "Jaume",
            "itemReviewed": "recipe-3",
            "reviewRating": {
                "@type": "Rating",
                "ratingValue": 5
            },
            
            "reviewBody": "Senzill, gustos i elegant. Les sopes mallorquines són el plat perfecte per a l'hivern."
        },
        {
            "id": "review-5",
            "author": "Antònia",
            "itemReviewed": "recipe-4",
            "reviewRating": {
                "@type": "Rating",
                "ratingValue": 5
            },
            "reviewBody": "El Tumbet és espectacular! Les verdures estaven en el seu punt perfecte. Recomano fer-ho amb pa fresc."
        },
        {
            "id": "review-6",
            "author": "Biel",
            "itemReviewed": "recipe-5",
            "reviewRating": {
                "@type": "Rating",
                "ratingValue": 4
            },
            "reviewBody": "El Cardenal de Lloseta és un postre increïble. Dolç però no empalagós. Perfecte per acabar un àpat."
        },
        {
            "id": "review-7",
            "author": "Caterina",
            "itemReviewed": "recipe-1",
            "reviewRating": {
                "@type": "Rating",
                "ratingValue": 5
            },
            "reviewBody": "El millor Frit Mallorquí que he tastat mai. La combinació de vísceres i verdures és perfecta."
        },
        {
            "id": "review-8",
            "author": "Damià",
            "itemReviewed": "recipe-3",
            "reviewRating": {
                "@type": "Rating",
                "ratingValue": 4
            },
            "reviewBody": "Les sopes mallorquines em van recordar a la meva infantesa. Un plat reconfortant i deliciós."
        },
        {
            "id": "review-9",
            "author": "Eva",
            "itemReviewed": "recipe-2",
            "reviewRating": {
                "@type": "Rating",
                "ratingValue": 2
            },
            "reviewBody": "Els caragols no eren del meu gust. Potser necessiten més temps de cocció."
        },
        {
            "id": "review-10",
            "author": "Francesc",
            "itemReviewed": "recipe-4",
            "reviewRating": {
                "@type": "Rating",
                "ratingValue": 5
            },
            "reviewBody": "El Tumbet és la meva debilitat. Cada vegada que visito Mallorca el demano a tots els restaurants!"
        },
        {
            "id": "review-11",
            "author": "Gabriela",
            "itemReviewed": "recipe-5",
            "reviewRating": {
                "@type": "Rating",
                "ratingValue": 5
            },
            "reviewBody": "El Cardenal és simplement perfecte. La merenga està en el punt exacte de sucre i lleugeresa."
        },
        {
            "id": "review-12",
            "author": "Hèctor",
            "itemReviewed": "recipe-1",
            "reviewRating": {
                "@type": "Rating",
                "ratingValue": 4
            },
            "reviewBody": "Boníssim Frit Mallorquí, tot i que m'agradaria veure una versió una mica més lleugera."
        },
        {
            "id": "review-13",
            "author": "Tolo",
            "itemReviewed": "recipe-6",
            "reviewRating": {
                "@type": "Rating",
                "ratingValue": 4
            },
            "reviewBody": "Bo i senzill."
        },
        {
            "id": "review-14",
            "author": "Joan",
            "itemReviewed": "recipe-6",
            "reviewRating": {
                "@type": "Rating",
                "ratingValue": 3
            },
            "reviewBody": "No està malament, però molt bàsic"
        },
        {
            "id": "review-15",
            "author": "Miquel",
            "itemReviewed": "recipe-7",
            "reviewRating": {
                "@type": "Rating",
                "ratingValue": 5
            },
            "reviewBody": "Espectacular. Molt bò i variat"
        },
        {
            "id": "review-16",
            "author": "Jordi",
            "itemReviewed": "recipe-4",
            "reviewRating": {
                "@type": "Rating",
                "ratingValue": 4
            },
            "reviewBody": "Bo i original."
        },
        {
            "id": "review-17",
            "author": "Joana",
            "itemReviewed": "recipe-5",
            "reviewRating": {
                "@type": "Rating",
                "ratingValue": 3
            },
            "reviewBody": "Massa dolç i empalagos"
        },
        {
            "id": "review-18",
            "author": "Joan",
            "itemReviewed": "recipe-5",
            "reviewRating": {
                "@type": "Rating",
                "ratingValue": 5
            },
            "reviewBody": "Espectacular, textura i gust"
        },
        {
            "id": "review-19",
            "author": "Joan",
            "itemReviewed": "recipe-8",
            "reviewRating": {
                "@type": "Rating",
                "ratingValue": 5
            },
            "reviewBody": "Sempre que vaig a Mallorca en beren tots els matins"
        },
        {
            "id": "review-20",
            "author": "Sebestià",
            "itemReviewed": "recipe-9",
            "reviewRating": {
                "@type": "Rating",
                "ratingValue": 5
            },
            "reviewBody": "És, ideal per l'estiu, m'encanta"
        },
        {
            "id": "review-21",
            "author": "Sebestià",
            "itemReviewed": "recipe-8",
            "reviewRating": {
                "@type": "Rating",
                "ratingValue": 3
            },
            "reviewBody": "Simple i molt bàsica, m'agrada més l'ensaimada farcida."
        },
        {
            "id": "review-22",
            "author": "Jordi",
            "itemReviewed": "recipe-9",
            "reviewRating": {
                "@type": "Rating",
                "ratingValue": 4
            },
            "reviewBody": "Bona textura, pero molt empalagos."
        }
        
    ]
}
