{
    "@context": "https://schema.org",
    "@graph": [
        {
            "recipe-1": {
                "@type": "Recipe",
                "name": "Frit Mallorquí",
                "image": "assets/img/menu/frit-mallorqui.jpg",
                "description": "Quan proves el frit mallorquí, el plat tradicional balear per excel·lència, entens el perquè de la seva popularitat i els seus segles d’història. La recepta té origen en la cultura sefardí, de les costums culinàries dels que viuen o descendeixen dels jueus procedents d’Espanya, amb influencies clares de la cuina àrab i turca. Una barreja de sabors que combina el xai, la patata i les verdures fregides, acabades amb un toc de laurel. Assaboreix la màxima expresso i cultura mallorquina amb aquesta recepta, que conta amb totes les avantatges de la saludable i completa mediterrània.",
                "author": {
                    "@type": "Organization",
                    "name": "BonMenjar"
                },
                "datePublished": "2024-03-15",
                "recipeCategory": "entrants",
                "recipeCuisine": "Balear",
                "totalTime": "PT1H",
                "recipeYield": "4 persones",
                "recipeIngredient": [
                    "1/2 fetge de xot",
                    "1 cor de xot",
                    "1 pulmó de xot",
                    "3 patates mitjanes",
                    "2 pebrots vermells mitjans",
                    "200 g de coliflor",
                    "150 g de pèsols",
                    "1 manat de ceba tendra",
                    "1 fonoll",
                    "7 grans d'all",
                    "Oli d'Oliva Verge Extra",
                    "5 fulles de llorer",
                    "Sal",
                    "Pebre"
                ],
                "recipeInstructions": [
                    {
                        "@type": "HowToStep",
                        "text": "Fregir la patata tallada a trossos, salar i reservar."
                    },
                    {
                        "@type": "HowToStep",
                        "text": "Fregir el pebrot trossejat i reservar amb les patates. Després, fer el mateix amb la coliflor."
                    },
                    {
                        "@type": "HowToStep",
                        "text": "Fregir el fetge, el cor i el pulmó per separat, i afegir-ho a les verdures fregides."
                    },
                    {
                        "@type": "HowToStep",
                        "text": "Saltar els grans d'all sencers amb la pell, havent-los donat un cop prèviament. Afegir la ceba tendra tallada petita. Afegir les fulles de llorer i els pèsols. Salpebrar."
                    },
                    {
                        "@type": "HowToStep",
                        "text": "Ajuntar tots els ingredients, mesclar-los, emplatar i escampar una mica de fonoll per sobre.."
                    }
                ],
                "video": {
                    "@type": "VideoObject",
                    "contentUrl": "https://www.youtube.com/embed/example"
                },
                "nutrition": {
                    "@type": "NutritionInformation",
                    "calories": "350 kcal",
                    "servingSize": "1 porció"
                },
                "temporal": null,
                "subjectOf": {
                    "@type": "Restaurant",
                    "name": "Ca na Toneta",
                    "address": {
                        "@type": "PostalAddress",
                        "streetAddress": "Carrer Major, 12",
                        "addressLocality": "Palma",
                        "addressRegion": "Illes Balears"
                    },
                    "geo": {
                        "@type": "GeoCoordinates",
                        "latitude": 39.6953,
                        "longitude": 3.0176
                    }
                }
            },
            "recipe-2": {
                "@type": "Recipe",
                "name": "Caragols",
                "image": "assets/img/menu/caragols.jpg",
                "description": "Els caragols són un dels plats més tradicionals de la gastronomia mallorquina, especialment populars durant la primavera.",
                "author": {
                    "@type": "Organization",
                    "name": "BonMenjar"
                },
                "datePublished": "2024-03-15",
                "recipeCategory": "principals",
                "recipeCuisine": "Balear",
                "totalTime": "PT1H45M",
                "recipeYield": "4 persones",
                "recipeIngredient": [
                    "2kg de caragols congelats",
                    "300g de costella de porc",
                    "1/4 de pollastre",
                    "1/4 de conill",
                    "2 botifarrons",
                    "2 cebes blanques",
                    "2 tomàquets",
                    "2 pastilles de brou",
                    "2 manats d'herbes aromàtiques",
                    "1 tros de pernil",
                    "1 tassó de vi blanc",
                    "Sal i pebre",
                    "Oli d'oliva"
                ],
                "recipeInstructions": [
                    {
                        "@type": "HowToStep",
                        "text": "Rentar bé les carns i tallar-les a trossos. Eixugar-les amb paper de cuina"
                    },
                    {
                        "@type": "HowToStep",
                        "text": "Tallar la ceba en brunoise i pelar el tomàquet i els alls"
                    },
                    {
                        "@type": "HowToStep",
                        "text": "En una cassola amb oli d'oliva, sofregir la ceba picada"
                    },
                    {
                        "@type": "HowToStep",
                        "text": "Quan la ceba estigui pochada, afegir el tomàquet pelat i cuinar a foc lent"
                    },
                    {
                        "@type": "HowToStep",
                        "text": "Netejar els caragols molt bé. En una olla amb aigua freda, cuinar-los a foc mitjà. Quan comencin a bullir, deixar tres minuts i treure l'aigua"
                    },
                    {
                        "@type": "HowToStep",
                        "text": "Posar aigua neta i afegir les herbes aromàtiques. Bullir aproximadament una hora"
                    },
                    {
                        "@type": "HowToStep",
                        "text": "A la cassola amb la ceba i el tomàquet, afegir totes les carns, el pernil trossejat i els botifarrons. Barrejar i afegir el brou de pollastre"
                    },
                    {
                        "@type": "HowToStep",
                        "text": "Incorporar el vi blanc i les fulles de llorer. Cuinar fins que s'evapori l'alcohol"
                    },
                    {
                        "@type": "HowToStep",
                        "text": "Quan els caragols estiguin llestos, passar-los a l'olla amb el guisat. Incorporar el brou dels caragols per donar-li el gust d'herbes"
                    },
                    {
                        "@type": "HowToStep",
                        "text": "Afegir sal i pebre, cuinar cinc minuts més i retirar les herbes. Cuinar uns minuts més i servir"
                    }
                ],
                "video": {
                    "@type": "VideoObject",
                    "contentUrl": "https://www.youtube.com/embed/Y7f98aduVJ8"
                },
                "nutrition": {
                    "@type": "NutritionInformation",
                    "calories": "250 kcal",
                    "servingSize": "1 porció"
                },
                "temporal": "març",
                "subjectOf": {
                    "@type": "Restaurant",
                    "name": "Ca na Toneta",
                    "address": {
                        "@type": "PostalAddress",
                        "streetAddress": "Carrer Major, 12",
                        "addressLocality": "Palma",
                        "addressRegion": "Illes Balears"
                    },
                    "geo": {
                        "@type": "GeoCoordinates",
                        "latitude": 39.6953,
                        "longitude": 3.0176
                    }
                }
            },
            "recipe-3":{
                "@type": "Recipe",
                "name": "Sopes Mallorquines",
                "image": "assets/img/menu/sopes_mallorquines.jpg",
                "description": "Les sopes mallorquines son uns dels plats més emblemàtics de la gastronomia balear, és tipic de l'hivern i destaca per la seva senzillesa.",
                "author": {
                    "@type": "Organization",
                    "name": "BonMenjar"
                },
                "datePublished": "2025-03-22",
                "recipeCategory": "principals",
                "recipeCuisine": "Balear",
                "totalTime": "PT1H15M",
                "recipeYield": "4 persones",
                "recipeIngredient": [
                    "400g de pa de sopes",
                    "100g grams de xuia",
                    "100g de bolets",
                    "2 botifarrons",
                    "1 cebes blanques",
                    "2 tomàquets",
                    "2 pebrots verds",
                    "2 alls",
                    "1L de brou (vegetal o de carn)",
                    "1 tassó de vi blanc",
                    "1 cullerada de pebre vermell dolç",
                    "Sal i pebre",
                    "Oli d'oliva",
                    "Juliverd fresc"
                    
                ],
                "recipeInstructions": [
                    {
                        "@type": "HowToStep",
                        "text": "Picar la ceba i els alls."
                    },
                    {
                        "@type": "HowToStep",
                        "text": "Tallar el pebrot verd, els tomàquets sense pell i la col a tires fines."
                    },
                    {
                        "@type": "HowToStep",
                        "text": "Netejar i tallar els bolets"
                    },
                    {
                        "@type": "HowToStep",
                        "text": "Escalfar un raig d'oli idns una cassola."
                    },
                    {
                        "@type": "HowToStep",
                        "text": "Afegir la ceba i els alls i sofregir fins que quedi transparent."
                    },
                    {
                        "@type": "HowToStep",
                        "text": "Afegir el pebrot i el tomàquets i cuinar-los fins que es confitin."
                    },
                    {
                        "@type": "HowToStep",
                        "text": "Afegir el pebre vermell dolç i remanar per evitar que es cremi."
                    },
                    {
                        "@type": "HowToStep",
                        "text": "Afegir la col i els bolets, sofregir uns minuts i afegir el brou calent."
                    },
                    {
                        "@type": "HowToStep",
                        "text": "Afegir la sal i el pebre bo al gust i deixar coure a foc lent 15 minuts."
                    },
                    {
                        "@type": "HowToStep",
                        "text": "Retirar la cassola del foc i per sobre, repartir en capes el pa de sopes."
                    },
                    {
                        "@type": "HowToStep",
                        "text": "Deixar reposar un 10 minuts per que el pa absorbeixi el brou."
                    },
                    {
                        "@type": "HowToStep",
                        "text": "Decorar amb juliverd fresc picat i afegir un raig d'oli."
                    }
                ],
                "video": {
                    "@type": "VideoObject",
                    "contentUrl": "https://www.youtube.com/watch?v=tHI46NhXYho"
                },
                "nutrition": {
                    "@type": "NutritionInformation",
                    "calories": "350 kcal",
                    "servingSize": "1 porció"
                },
                "temporal": "gener",
                "subjectOf": {
                    "@type": "Restaurant",
                    "name": "Ca na Toneta",
                    "address": {
                        "@type": "PostalAddress",
                        "streetAddress": "Carrer Major, 12",
                        "addressLocality": "Palma",
                        "addressRegion": "Illes Balears"
                    },
                    "geo": {
                        "@type": "GeoCoordinates",
                        "latitude": 39.6953,
                        "longitude": 3.0176
                    }
                }
            }
        }
    ]
}
