{
    "@context": "http://schema.org",
    "@type": "Review",
    "reviews": [
        {
            "id": "review-1",
            "author": "Joan",
            "itemReviewed": "recipe-1",
            "reviewRating": {
                "@type": "Rating",
                "ratingValue": 5
            },
            "reviewBody": "Deliciós! M'ha encantat aquest plat."
        },
        {
            "id": "review-2",
            "author": "Maria",
            "itemReviewed": "recipe-1",
            "reviewRating": {
                "@type": "Rating",
                "ratingValue": 4
            },
            "reviewBody": "Molt bo, però una mica salat."
        },
        {
            "id": "review-3",
            "author": "Pere",
            "itemReviewed": "recipe-2",
            "reviewRating": {
                "@type": "Rating",
                "ratingValue": 3
            },
            "reviewBody": "No està malament, però no és el meu preferit."
        },
        {
            "id": "review-4",
            "author": "Jaume",
            "itemReviewed": "recipe-3",
            "reviewRating": {
                "@type": "Rating",
                "ratingValue": 5
            },
            "reviewBody": "Senzill, gustos i elegant."
        }
        
        
    ]
}
